1GN,A2G,ACY,ADA,AHR,ARA,BDP,BEM,BGC,BM7,BMA,DLY,DSG,DSN,FCA,FCB,FRU,FUC,FUL,GAL,GCS,GCU,GIV,GLA,GLC,GLO,GTR,GZL,KDO,MAN,MAV,MOH,NAG,NBG,NGA,PA1,PDa,PDb,PDc,PDd,PO4,RAM,RM4,SIA,SLB,SO4,XYP,XYS
0.5015859,-1.6065316,0.78135103,0.27867708,-1.265569,-0.62993217,0.2151595,0.29526877,0.32958102,0.5592739,1.7155204,2.806733,0.31692457,-1.2059335,0.13672675,-1.7754503,-0.6724275,-1.1528918,1.9779072,-0.060952228,0.058328316,0.016500551,-0.075679556,1.4710846,1.3222919,0.19470097,0.46161276,-0.70160156,0.28895178,1.699223,-1.6476709,-0.8671971,0.6844211,-0.67544824,-1.5590606,-2.1853106,0.8126006,1.9553703,0.89610386,-0.23352848,-1.812324,-0.4390683,1.2787881,1.5108365,-0.8320252,0.09602087,-0.022410419,-0.9316076
-0.685807,1.0283267,-1.650175,1.3246317,-0.620549,-0.18418296,0.4850848,-1.0344182,-0.46653962,-1.0648687,1.5147095,0.63731223,1.4726554,-0.5773279,1.1015406,-0.26477632,0.5423777,-1.195785,0.45975956,0.47955373,0.6596914,-0.34909093,-2.344625,0.9013449,-1.4662523,0.560854,-0.11829383,0.83969814,-1.0972881,1.5404849,-0.2026498,-0.5823634,-1.0423359,0.24615858,1.149471,-0.58217555,0.025032151,-1.0288682,1.1254151,-0.09060887,-1.6192054,-0.9370609,-1.4819443,0.73442733,1.0861185,-0.16636415,-0.49800286,0.3212388
0.77050424,-0.8538513,0.75443864,1.082065,-0.009767921,-0.11849785,-1.0334089,1.0550289,-2.2733035,-0.6318513,-0.5802447,-0.22409877,1.1919317,2.1772892,0.31459105,0.98538566,-0.890045,2.4121041,0.8860937,-0.07850527,3.2949488,0.082322,-2.016378,2.5081117,0.98509765,0.6004012,1.0511355,-0.7772988,-0.31712145,-0.13258208,-1.0310813,-0.19970992,0.13112044,0.6376084,-0.89820826,0.3332399,0.02028022,0.6123117,0.96647805,-0.5439365,-1.3371654,-0.7031568,-0.48415762,0.38056004,0.40091872,0.5258902,1.5687115,0.3668658
-0.8349944,-0.90477496,0.089934655,1.1437669,0.53772867,-0.9114277,-1.4573221,-0.6738922,1.1449176,-0.4599241,0.84529674,-0.13502575,0.026311994,0.5327763,0.65427446,-0.8152899,-1.122101,0.61729836,1.4165949,0.07498556,-0.65485626,-1.4437139,0.14891452,-0.3971016,0.1549683,1.0874475,1.3976359,0.2511266,0.22398873,1.4736823,-0.44733816,-1.4833103,1.2801856,-1.4995899,-0.4416847,1.1183994,0.1484257,0.14124297,2.033584,-0.71418107,0.24968348,-2.265688,-0.5961274,1.3940842,0.31974274,-0.26725814,1.1309336,-0.5438227
